"main_mode","avg_dist"
"bicycle",4.22612920976211
"car",7.49018889617661
"pt",10.5165245991984
"ride",11.6948065326633
"walk",0.685497419289545
