"main_mode","avg_dist"
"bicycle",2.293875
"bicycle-pt-walk",7.677
"car-walk",2.68764788732394
"pt-walk",2.54942857142857
"ride-walk",3.70838461538462
"walk",0.544423480083858
