"main_mode","avg_dist"
"bicycle",4.23284836380399
"car",7.52098714989221
"pt",10.49521029699
"ride",11.699753504364
"walk",0.683506658126277
